{"count":1,"self":27.127616,"total":27.5783791,"children":{"AgentResetIfDone":{"count":1281,"self":0.0118943,"total":0.0118943,"children":null},"AgentSendState":{"count":1281,"self":0.014687599999999999,"total":0.4179805,"children":{"CollectObservations":{"count":1281,"self":0.40329289999999995,"total":0.40329289999999995,"children":null}}},"DecideAction":{"count":1253,"self":0.0049342,"total":0.0049342,"children":null},"AcademyStep":{"count":1253,"self":0.0069913,"total":0.0069913,"children":null},"AgentAct":{"count":1253,"self":0.0079381,"total":0.0079381,"children":null}}}