{"count":1,"self":25.605956799999998,"total":25.8235183,"children":{"AgentResetIfDone":{"count":1201,"self":0.0079283,"total":0.0079283,"children":null},"AgentSendState":{"count":1201,"self":0.0049892999999999995,"total":0.20468899999999998,"children":{"CollectObservations":{"count":509,"self":0.19969969999999998,"total":0.19969969999999998,"children":null}}},"DecideAction":{"count":1038,"self":0.00099779999999999986,"total":0.00099779999999999986,"children":null},"AcademyStep":{"count":1038,"self":0,"total":0,"children":null},"AgentAct":{"count":1038,"self":0.0029758,"total":0.0029758,"children":null}}}