{"count":1,"self":45.622246399999995,"total":132.3862445,"children":{"AgentResetIfDone":{"count":131084,"self":0.3460796,"total":0.3460796,"children":null},"AgentSendState":{"count":131084,"self":0.5920084,"total":0.723227,"children":{"CollectObservations":{"count":26217,"self":0.1312186,"total":0.1312186,"children":null}}},"DecideAction":{"count":131084,"self":84.8693376,"total":85.2816095,"children":{"AgentInfo.ToProto":{"count":26217,"self":0.4122725,"total":0.4122725,"children":null}}},"AcademyStep":{"count":131084,"self":0.1377781,"total":0.1377781,"children":null},"AgentAct":{"count":131084,"self":0.2742802,"total":0.2742802,"children":null}}}