{"count":1,"self":53.5425824,"total":53.577155299999994,"children":{"AgentResetIfDone":{"count":2512,"self":0.0059318999999999995,"total":0.0059318999999999995,"children":null},"AgentSendState":{"count":2512,"self":0.0098502,"total":0.018764799999999998,"children":{"CollectObservations":{"count":2512,"self":0.0089146,"total":0.0089146,"children":null}}},"DecideAction":{"count":2512,"self":0.0029265,"total":0.0029265,"children":null},"AcademyStep":{"count":2512,"self":0.001995,"total":0.001995,"children":null},"AgentAct":{"count":2512,"self":0.0049537,"total":0.0049537,"children":null}}}